CÔNG TY CP XÂY DỰNG NGÔ QUYỀN ,,,,,,,,,,,,,,,,,,,,
Số 149-Hai Bà Trưng-Lê Chân - HP,,,,,,,,,,,,,,,,,,,,
BẢNG CÂN ĐỐI VẬT TƯ,,,,,,,,,,,,,,,,,,,,
Công trình: Trường mầm non Trại chuối,,,,,,,,,,,,,,,,,,,,
"HM: Kết cấu khối nhà xây mới +Kiến trúc khối nhà xây mới+ Hạ tầng kỹ thuật ngoài nhà +Bể nước ngâm, bể phốt, bể tách mỡ",,,,,,,,,,,,,,,,,,,,
STT,Tên vật tư ,ĐV,Dự Toán,,,Hoá đơn ,,,Còn phải nhập ,,,Số HĐ,,,,,,,,
,,,SL,ĐG,TT,SL,ĐG,TT,SL,ĐG,TT,,,,,,,,,
I,Vật liệu,,,,,,,,,,,,,,,,,,,
1,Cung cấp cọc ly tâm ứng suất trước D300 loại A, md ,"  2,265 ","  220,000 ","  498,300,000 ","  2,265 ","  250,000 ","  566,250,000 ", Xong ,,,7+9,928525000,,,,,,,
,Đơn giá ép cọc D300A bằng máy tải, md ,,,,"  2,265 ","  120,000 ","  271,800,000 ",,,,7+9,,,,,,,,
,Đơn giá cọc chờ thí nghiệm, cọc ,,,,  2 ,"  5,000,000 ","  10,000,000 ",,,,7+9,,,,,,,,
,Mũi cọc sử dụng, cái ,,,,  73 ,"  75,000 ","  5,475,000 ",,,,7+9,,,,,,,,
,Hỗ trợ di chuyển máy, máy ,,,,  1 ,"  15,000,000 ","  15,000,000 ",,,,7+9,,,51,,21.5,,,
,Vận tải huy động và giải thể, gói ,,,,  1 ,"  60,000,000 ","  60,000,000 ",,,,7+9,,,,,,,,
,Thuê cọc ép âm, cái ,  1 ,"  1,000,000 ","  1,000,000 ",,,,,,,,,,,,,,,
,,,,,,,,,,,,,,,,,,,,
2,Băng cản nước mạch ngừng (sika waterbar V-25), m ,  54 ,"  120,000 ","  6,451,200 ",,,,,,"  79,471,855 ",,,,,26100,,,,
3,Dung dịch chống thấm,kg,"2,129","38,000","  80,888,062 ",,,,,,,,,,,,,,,
4,Chống thấm cổ ống băng thanh Trương nở,cổ,32,"345,000","  11,040,000 ",,,,,,,,,,,,,,,
5,Vữa rót tự chảy không co ngót gốc XM,kg,,,,  425 ,"  9,259.259 ","  3,935,185 ",,,,353+374,,,,,,,,
6,Hợp chất chống thấm gốc XM,kg,,,,  560 ,"  19,841.269 ","  11,111,111 ",,,,353+374,,,,,,,,
7,Phụ gia BT và chống thấm sika,lít,,,,  5 ,"  61,111.111 ","  305,556 ",,,,353,,,,,,,,
8,Conmik Waterstop,lít,,,,  59 ,"  55,555.555 ","  3,277,778 ",,,,353,,,,,,,,
9,"Vải ko dệt định lượng 70kg, kích thước 20cm*100, dạng cuộn (198kg)",cuộn,,,,  2 ,"  138,888.88 ","  277,778 ",,,,374,,,,,,,,
,,,,,,,,,,,,,,,,,,,,
,,,,,,,,,,,,,,,,120,,,,
5,"Cát mịn ML=0,7-1,4", m3 ,  38.51 ,"  370,000 ","  14,248,848 ",  130 ,"  415,000 ","  53,950,000 ",  156 ,"  415,000 ","  64,598,029 ",  232 ,,,,118.4,,,,
6,"Cát mịn ML=1,5-2,0", m3 ,  247.148 ,"  370,000 ","  91,444,575 ",,,,,,  -   ,,Hỏi lại xem lấy hđơn cát vàng đc ko vì cát mịn giá rẻ 310k/m3,,,,,,,
7,Cát vàng, m3 ,  35.199 ,"  560,000 ","  19,711,664 ",,,,  35 ,"  560,000 ","  19,711,664 ",,,,,,,,,
8,Cát , m3 ,  113.533 ,"  200,000 ","  22,706,640 ",  115 ,"  200,000 ","  23,000,000 ",  (1.5),,  -   ,  232 ,,,"  3,750,000.00 ",,104,,,
9,Đá 1x2,m3,  24.431 ,"  360,000 ","  8,795,232 ",  8 ,"  270,000 ","  2,160,000 ",  16 ,,  -   ,  233 ,Đá giá 700k/m3 thực tế,,,118.4,1404,,,
,Cước vc đá 1x2,m3,,,,  8 ,"  150,000 ","  1,200,000 ",,,,  234 ,,,,"  1,598 ",,,,
10,Đá 4x6,m3,  31.599 ,"310,000","  9,795,566 ",  20 ,"  150,000 ","  3,000,000 ",  12 ,,  -   ,  233 ,,,,,,360,,
,Cước vc đá ,m3,,,,  20 ,"  150,000 ","  3,000,000 ",,,,  233 ,,,81.4816,,,,,
,,,,,,,,,,,,,,,,,,,,
11,Gạch đặc không nung , viên ,"  215,416 ","  1,480 ","  318,815,177 ","  24,000 ","  1,018.52 ","  24,444,444 ","  31,416 ","  1,400 ","  43,981,924 ",  120 ,,,,,,,,  150 
,,,,,,"  75,000 ","  1,231.481 ","  92,361,111 ",,,,  138 ,Hỏi xem lấy thêm hđon trả thuế vì hđơn họ trả bằng lượng thực tế rồi,,,,,,,
,,,,,,"  85,000 ","  1,400 ","  119,000,000 ",,,,  185 ,,,,,,,,
,,,,,,,,,,,,,,,,,,,,
12,Xi măng PCB30,kg,"104,892","1,473","  154,505,325 ","  32,800 ","  1,638.889 ","  53,755,556 ","  (10,266)","  1,639 ","  (16,825,055)",  853 ,,,"  1,231.481 ",,,,,
,Xi măng PCB40,kg,  142.266 ,"1,473","  209,558 ","  16,000 ","  1,611.111 ","  25,777,778 ",,,,"  1,998 ",Hỏi Anh thư xuất thêm hay lấy hđơn từ gđ1 sang,,,,,,,
,Xi măng PCB30,kg,,,,"  66,500 ","  1,699.074 ","  112,988,426 ",,,,  760 ,,,,,,,,
,,,,,,,,,,,,,,,,,,,,
,Xi măng trắng,kg,  179.46 ,"  4,000 ","  717,842 ","  17,000 ","  1,652.778 ","  28,097,222 ",,,,  553 ,,,,,,,,
,,,,,,,,,,,,,,"  (1,346,004)",,,,,,
13,Cây chống, cây ,  67.64 ,"  19,000 ","  1,285,168 ",,,,  68 ,"  19,000 ","  1,285,168 ",,,,,,,,,
14,"Cọc tre <=2,5m",m,"  4,371 ","  3,000 ","  13,112,285 ",,,,"  4,371 ","  3,000 ","  13,112,285 ",,Hỏi chú sơn để lấy hđơn,,,,,,,
15,Que hàn,kg,575,"25,000","  14,379,368 ",  185 ,"  25,000 ","  4,625,000 ",290,"  25,000 ","  7,254,368 ",  19 ,,,,183,,,,
,Que hàn,kg,,,,  100 ,"  25,000 ","  2,500,000 ",,,,  88 ,,,,,,,,
16,Đinh,kg,35.29,"23,000","  811,672 ",  50 ,"  20,000 ","1,000,000",  (15),"  23,000 ","  (338,328)",  88 ,,,,84,,,,
17,Đinh đỉa,cái,60.33,"2,333","  140,750 ",,,,  60 ,"  2,333 ","  140,750 ",,,,,,,,,
18,Đinh tán f22,cái,49.4,"10,533","  520,499 ",,,,  49 ,"  10,533 ","  520,499 ",,,,,,,,,
,,,,,,,,,,,,,,,,  1 ,,,,
18,Gỗ chống,m3,2.70,"3,409,091","  9,189,887 ",,,,,,"  (45,804,707)",,,"  3,060 ",,,,,,
19,Gỗ đà nẹp,m3,0.12,"3,409,091","  393,068 ",,,,,,,,,,,,,,,
,Gỗ chèn,m3,0.07,"3,409,091","  252,273 ",,,,,,,,,,,,,,,
20,Gỗ ván,m3,4.6734,"3,409,091","  15,932,046 ",,,,,,,,,,,,,,,
21,Ván ép phủ phim,m2,341,"105,000","  35,849,100 ",,,,,,,,,10980000,,,,,,
22,Giáo thép,kg,404,"15,382","  6,215,319 ",,,,,,,,,,,,,,,
,Thuê giáo chống cốp pha ván phủ phim ,m2,,,,"  1,000 ","  113,636.40 ","  113,636,400 ",,,,  114 ,,"  8,869,000.00 ",,,,,,
,,,,,,,,,,,,,,,,,,,,
,Que hàn inox 304,kg,92.46,"120,000","  11,095,428 ",,,,  92 ,"  120,000 ","  11,095,428 ",,,,,,,,,
,Thép hình inox 304,kg,"1,411","80,000","  112,843,824 ",,,,"  1,411 ","  80,000 ","  112,843,824 ",,Hỏi Chú sơn xem thép lj và có lấy hđơn ko,,,,,,,
,Thép tấm inox 304,kg,681,"80,000","  54,455,648 ",,,,  681 ,"  80,000 ","  54,455,648 ",,,,,,,,,
,Thép các loại inox 304,kg,161.90,"80,000","  12,952,240 ",,,,  162 ,"  80,000 ","  12,952,240 ",,,,,,,,,
,Thép tròn inox 304,kg,132.262,"80,000","  10,580,936 ",,,,  132 ,"  80,000 ","  10,580,936 ",,,,,,,,,
,,,,,,,,,,,,,,,,,,,,
,,,,,,,,,,,,,,,,,,,,
23,Thép các loại,kg,  699 ,"  15,700 ","  10,973,044 ",,,,  699 ,"  15,700 ","  10,973,044 ",,,,,,,,,
24,Thép hình,kg,"  2,923 ","  15,700 ","  45,891,218 ",,,,"  2,923 ","  15,700 ","  45,891,218 ",,Hỏi lại để lấy hđơn ở đâu,,,,,,,
25,Thép tấm,kg,"1,461","  15,700 ","  22,940,378 ",,,,"  1,461 ","  15,700 ","  22,940,378 ",,,,,,,,,
,,,,,,,,,,,,,,,,,,,,
26,Thép tròn,kg,827,"14,200","  11,740,361 ",,,,  673 ,,,,,,,,,,,
27,Thép tròn D<=10mm,kg,"22,721","14,200","  322,635,786 ","  15,250 ","  15,945.45 ","  243,168,113 ",,"  14,200 ","  9,551,147 ","  1,650 ",,,,,,,,
,Thép D6-D8,kg,,,,"  7,625 ","  15,945.45 ","  121,584,056 ",,,,"  1,658 ", Còn ít chờ QT ,,,,,,,
,,,,,,,,, còn lấy ,,,,,,,,,,,
28,Thép tròn D<=18mm,kg,"19,020","14,500","  275,792,004 ","  10,500 ","  15,945.45 ","  167,427,225 ",  460 ,"  14,500 ","  6,672,004 ","  1,650 ",,,,,,,,
,Thép D10-D16,kg,,,,"  8,060 ","  15,945.45 ","  128,520,327 ",,,,"  1,658 ",Còn ít chờ QT,,,,,,,
,,,,,,,,, còn lấy ,,,,,,,,,,,
29,Thép tròn D>10mm,kg,"2,142","14,700","  31,490,311 ",,,  -   ,  (5),,  -   ,,"  1,071 ",Lấy hđơn thép 50% số dự toán,,,,,,
30,Thép tròn D>18mm,kg,"13,676","14,700","  201,032,055 ","  9,618 ","  15,945.45 ","  153,363,338 ",,,  -   ,"  1,650 ","  6,838 ",,,,,,,
,Thép D18-D22,kg,,,,"  6,205 ","  15,945.45 ","  98,941,517 ",,,,"  1,658 ",,,,,,,,
,,,,,,,,,,,,,,,,,,,,
31,Dây thép,kg,676.25,"20,000","  13,524,928 ",  35 ,"  17,727.27 ","  620,454 ",  11 ,,  -   ,"  1,650 ",  338 ,Lấy hđơn dây thép 50% số dự toán,,,,,,
,Dây thép 1 ly,kg,,,,  630 ,"  17,727.27 ","  11,168,180 ",,"  17,727 ","  199,368 ","  1,658 ",,,,,,,,
32,Khung xương( nhôm),kg,320,"70,000","  22,405,005 ",,,,  320 ,"  70,000 ","  22,405,005 ",, Hỏi xem là gì và lấy hđơn ở đâu ,,,,,,,
33,Cột chống thép ống,kg,  972.59 ,"15,700","  15,269,718 ",,,,  973 ,"  15,700 ","  15,269,718 ",,,,,,,,,
,,,,,,,,,,,,,,,"  22,875 ",,,,,
34,"Vữa XMPC30, cát vàng, đá 1x2 M300 - Độ sụt 14 - 17cm",m3,371,"1,020,000","  378,769,350 ",  87.5 ,"  1,222,222 ","  106,944,444 ",  121.8 ,"  1,020,000 ","  124,225,800 ",  508 , Lấy thêm hđơn M300 ,,,,,,,
,BTTP Mac 300,m3,,,,  94.5 ,"  1,222,222 ","  115,500,000 ",,,,  89 ,,,  47.8 ,,,,,
,BTTP Mac 300 R7,m3,,,,  81.5 ,"  1,361,111 ","  110,930,555 ",,,,  89 ,,,,,,,,
,BTTP Mac 300 ,m3,,,,  9 ,"  1,314,815 ","  11,833,333 ",,,,  89 ,,,,,,,,
,BTTP Mac 300 ,m3,,,,  74 ,"  1,425,925.93 ","  105,518,519 ",,,,  169 ,,,,,,,,
,BTTP Mac 300 ,m3,,,,  10 ,"  1,379,629.60 ","  13,796,296 ",,,,  232 ,,,,,,,,
35,"Vữa XMPC30, cát vàng, đá 1x2 M250 - Độ sụt 14 - 17cm",m3,3,"970,000","  2,910,000 ",,,,,"  970,000 ",  -   ,,,,,,11,,,
,Bê tông M250,m3,,,,  16.50 ,"  1,333,333.33 ","  22,000,000 ",,,,  169 ,,,,,,,,
,Bê tông M150,m3,,,,  26.0 ,"  1,240,740.74 ","  32,259,259 ",,,,  169 ,,,,,,,,
,Bê tông M150,m3,,,,  12.5 ,"  1,083,333.33 ","  13,541,667 ",,,,  508 ,,114,,,,,,
,,,,,,,,,,,,,,,,,,,,
36,Bê tông bọt chống nóng mái M75,m3,46.4026,"750,000","  34,801,950 ",,,,,,,,,,,,,,,
37,"Vữa XMPC30, cát vàng, đá 1x2 M150 - Độ sụt 14 - 17cm",m3,96.5449,"870,000","  83,994,063 ",,,,,,,,,,,,,,,
38,"Vữa XMPC30, cát vàng, đá 1x2 M100 - Độ sụt 14 - 17cm",m3,16,"870,000","  13,920,000 ",,,,,"  870,000 ",  -   ,,,,,#REF!,,,,
,,,,,,,,,,,,,,,,,,,,
39,Nước,m3,2.0,"12,000","  24,000 ",,,,  2 ,"  12,000 ","  24,000 ",,,,,,,,,
40,Nước,lít,"73,727",12,"  884,718 ",,,,"  73,727 ",  12 ,"  884,718 ",,,,,,,2112000,,
41,Phụ gia dẻo hoá,kg,  11.2096 ,"22,833","  255,949 ",,,,  11 ,"  22,833 ","  255,949 ",,,,,,,,,
42, Khí ga ,kg,  12.7289 ,"  20,278 ","  258,117 ",,,,  13 ,"  20,278 ","  258,117 ",,,,,,,,,
43,Ô xy,chai,  6.3588 ,"53,333","  339,134 ",,,,  6 ,"  53,333 ","  339,134 ",,,,,,,,,
44,Bật sắt d= 10mm,cái,120,"1,333","  159,960 ",,,,  120 ,"  1,333 ","  159,960 ",,,,,,,,,
45,Bu lông,cái,43,"13,500","  575,618 ",,,,  43 ,"  13,500 ","  575,618 ",,,,,,,,,
,,,,,,,,,,,,,,,,,,,,
46,Mũ chụp inox D160,cái,4.0,"25,000","  100,000 ",,,,  4 ,"  25,000 ","  100,000 ",,,,,,,,,
47,Mũ chụp inox D60,cái,315.0,"10,000","  3,150,000 ",,,,  315 ,"  10,000 ","  3,150,000 ",,,,,,,,,
50,Mũ chụp inox D80,cái,96.0,"15,000","  1,440,000 ",,,,  96 ,"  15,000 ","  1,440,000 ",,,,,,,,,
49,Vách ngăn tấm compact dày 12mm (đã bao gồm phụ kiện inox 304 và lắp dựng),m2,31.7,"1,500,000","47,520,000",,,,  32 ,"  1,500,000 ","  47,520,000 ",,,,,,,,,
51,"Cửa đi 2 cánh mở quay, hệ 55 Xingfa, nhôm chịu lực dày 2mm, kính an toàn 6,38mm, phụ kiện kim khí và lắp dựng",m2,104.7,"2,630,484","  275,464,284 ",,,,  105 ,"  2,630,484 ","  275,464,284 ",,,,,,,,,
52,"Cửa đi 1 cánh mở quay, hệ 55 Xingfa, nhôm chịu lực dày 2mm, kính an toàn 6,38mm, phụ kiện kim khí và lắp dựng",m2,19.8,"2,648,678","  52,443,824 ",,,,  20 ,"  2,648,678 ","  52,443,824 ",,,,,,,,,
53,"Cửa sổ 4 cánh mở quay, nhôm hệ, nhôm chịu lực dày 1,4mm, kính an toàn 6,38mm, phụ kiện kim khí và lắp dựng",m2,34.3,"1,832,843","  62,903,172 ",,,,  34 ,"  1,832,843 ","  62,903,172 ",,,,,,,,,
54,"Cửa sổ 2 cánh mở lùa, nhôm hệ, nhôm chịu lực dày 1,4mm, kính an toàn 6,38mm, phụ kiện kim khí và lắp dựng",m2,30.0,"1,794,079","  53,736,254 ",,,,  30 ,"  1,794,079 ","  53,736,254 ",,,,,,,,,
55,"Cửa sổ 1 cánh mở hất, hệ 55 Xingfa, nhôm chịu lực dày 1,4mm, kính an toàn 6,38mm, phụ kiện kim khí và lắp dựng",m2,8.3,"2,632,615","  21,798,052 ",,,,  8 ,"  2,632,615 ","  21,798,052 ",,,,,,,,,
56,"Vách kính cố định, hệ 55 Xingfa, nhôm chịu lực dày 1,4mm, kính an toàn 6,38mm, phụ kiện kim khí và lắp dựng",m2,95.8,"1,561,502","  149,654,352 ",,,,  96 ,"  1,561,502 ","  149,654,352 ",,,,,,,,,
,,,,,,,,,,,,,,,,,,,,
36,Đá granít tự nhiên len cửa đi dày 20mm,m2,12.7,"950,000","  12,047,805 ",  125 ,"  950,000.00 ","  118,750,000 ",  52 ,"  950,000 ","  49,783,610 ",  47 , Đá xây dựng ,,,,,,,
37,Đá granít tự nhiên mặt bệ dày 20mm,m2,17.0,"950,000","  16,183,440 ",,,,,,,,,,,,,,,
38,Đá granít tự nhiên ốp bồn hoa dày 20mm,m2,7.0,"950,000","  6,674,472 ",,,,,,,,,,,,,,,
39,Đá granít tự nhiên ốp cầu thang dày 20mm,m2,121.0,"950,000","  114,995,790 ",,,,,,,,,,,,,,,
40,Đá granít tự nhiên ốp tam cấp dày 20mm,m2,19.6,"950,000","  18,632,103 ",,,,,,,,,,,,,,,
41,Đá mài,viên,2.8,"11,667","  32,516 ",,,,  3 ,"  11,667 ","  32,516 ",,,,,,,,,
42,Lưới cắt D350,cái,3.2,"484,667","  1,547,445 ",,,,  3 ,"  484,667 ","  1,547,445 ",,,,,,,,,
,,,,,,,,,,,,,,,,,,,,
43,Gạch lát ceramic 600x600mm,m2,561,"  180,212 ","  101,040,843 ",,,,  561 ,"  180,212 ","  101,040,843 ",,,,,,,,,
,"Gạch 600x600, mã 38017 loại 1",Hộp,,,,  776 ,"122,000","  94,672,000 ",,,,  324 ,,,,,,,,
44,Gạch lát ceramic chống trơn 600x600mm,m2,411,"  180,212 ","  74,118,425 ",,,,  411 ,"  180,212 ","  74,118,425 ",,,,,,,,,
,Gạch Granite/Porcelain 600/600 loại 1,Hộp,,,,  794 ,"130,000","  103,220,000 ",,,,  324 ,,,,,,,,
45,Gạch ốp ceramic 300x600mm,m2,464,"  127,076 ","  58,934,779 ",,,,  464 ,"  127,076 ","  58,934,779 ",,,,,,,,,
,"Gạch 300x600, mã 89607 loại 1",Hộp,,,,  322 ,"152,000","  48,944,000 ",,,,  324 ,,,,,,,,
,"Gạch 300x600, mã 89619 loại 1",Hộp,,,,  345 ,"160,000","  55,200,000 ",,,,  324 ,,,,,,,,
46,Gạch ốp ceramic 600x120mm,m2,57,"  180,212 ","  10,357,768 ",,,,  57 ,"  180,212 ","  10,357,768 ",,,,,,,,,
47,Gạch thẻ KT 60x240mm,m2,19,"  120,000 ","  2,247,242 ",,,,  19 ,"  120,000 ","  2,247,242 ",,,,,,,,,
,Gạch ốp tường 6x25 Coto men ghi A1,m2,,,,  36 ,"  92,500.00 ","  3,330,000 ",,,,  30 , Chưa biết cho vào gạch nào trong Dự toán ,,,,,,,
48,Gạch cotto KT 400x400mm,m2,375,"  150,000 ","  56,293,643 ",,,,  375 ,"  150,000 ","  56,293,643 ",,,,,,,,,
49,Gạch terazzo KT 400x400mm,m2,611,"  66,000 ","  40,309,302 ",,,,  611 ,"  66,000 ","  40,309,302 ",,,,,,,,,
,,,,,,,,,,,,,,,,,,,,
46,Sơn tĩnh điện sắt thép các loại ,m3,"3,162.8","8,000","  25,302,400 ",,,,"  3,163 ","  8,000 ","  25,302,400 ",,,,,,,,,
50,Sơn lót nội thất,lít,492.0,"120,000","  59,037,411 ",,,,  492 ,"  120,000 ","  59,037,411 ",,,,,,,,,
51,Sơn lót ngoại thất,lít,166.5,"120,000","  19,985,020 ",,,,  167 ,"  120,000 ","  19,985,020 ",,,,,,,,,
52,Sơn phủ nội thất,lít,765.2,"165,000","  126,262,678 ",,,,  765 ,"  165,000 ","  126,262,678 ",,,1670,,,,,,
53,Sơn phủ ngoại thất,lít,281.7,"185,000","  52,121,844 ",,,,  282 ,"  185,000 ","  52,121,844 ",,,18370,,,,,,
,,,,,,,,,,,,,,,,,,,,
54,"Trần Caro Cell 150x150x0,5mm (đã bao gồm tấm trần, khung xương và phụ kiện)",m2,726.9,"410,000","298,024,818",,,,  727 ,"  410,000 ","  298,024,818 ",,,,,,,,,
55,"Trần nhôm Clip-in, xương chìm, đục lỗ KT 600x600x0,6mm (đã bao gồm tấm trần, khung xương và phụ kiện)",m2,80.9,"420,000","33,975,346",,,,  81 ,"  420,000 ","  33,975,346 ",,,,,,,,,
56,"Trần nhôm Clip-in, xương chìm, không đục lỗ KT 600x600x0,6mm (đã bao gồm tấm trần, khung xương và phụ kiện)",m2,149.5,"420,000","62,809,557",,,,  150 ,"  420,000 ","  62,809,557 ",,,,,,,,,
,,,,,,,,,,,,,,,,,,,,
,Vật tư điện ( có bảng chi tiết ở dưới),,,,,,,,,,,,,,,,,,,
,,,,,,,,,,,,,#REF!,,,,,,,
,Cộng VL,,,,"4,888,371,451",,,"3,493,161,627",,,"2,370,056,290",,,,,,,,,
,,,,,,,,,,,,,,,,,,,,
II,Chi phí chung ,,,,,,,"  240,258,393 ",,,,,,,,,,,,
,,,,,,,,,,,,,,,#REF!,,,,,
,,,,,,,,,,,,,,,,,,,,
,,,,,,,,,,,,,,,,,,,,
III,Nhân công,,,,,,,,,,,,,,,,,,,
,Tháo dỡ hệ thống điện ,công,15.00,"243,700","3,655,500",,,,15.00,"243,700","3,655,500",,,,,,,,,
,,,,,,,,,,,,,,,,,,,,
1,Cắt đầu cọc,cái,73.00,"50,000","  3,650,000 ",,,,73.00,"50,000","  3,650,000 ",,,,,,,,,
2,Bê tông bọt chống nóng mái M75,m3,46.40,"50,000","  2,320,130 ",,,,46.40,"50,000","  2,320,130 ",,,,,,,,,
,Xẻ rãnh mũi bậc tam cấp,m,141.84,"25,000","3,546,000",,,,141.84,"25,000","3,546,000",,,,,,,,,
,"Kỹ sư 5,0/8",công,6.00,"341,700","2,050,200",,,,6.00,"341,700","2,050,200",,,,,,,,,
3,"Nhân công 3,0/7 - Nhóm 1",công,99.42,"243,700","24,227,582",,,,99.42,"243,700","24,227,582",,,,,,,,,
4,"Nhân công 3,0/7 - Nhóm 2",công,239.69,"263,800","63,229,853",,,,239.69,"263,800","63,229,853",,276150,,,,,,,
5,"Nhân công 3,5/7 - Nhóm 1",công,174.49,"266,500","46,501,772",,,,174.49,"266,500","46,501,772",,,,,,,,,
6,"Nhân công 3,5/7 - Nhóm 2",công,"4,632.81","288,500","1,336,566,349",,,,"4,632.81","288,500","1,336,566,349",,,,,,,,,
,"Nhân công 4,0/7 - Nhóm 1",công,9.60,"289,300","2,777,916",,,,9.60,"289,300","2,777,916",,,,,,,,,
7,"Nhân công 4,0/7 - Nhóm 2",công,"2,062.95","313,200","646,115,126",,,,"2,062.95","313,200","646,115,126",,,,,,,,,
,,,,,,,,,,,,,,,,,,,,
,Cộng nhân công,,,,"2,134,640,427",,,"416,607,407",,,"  2,134,640,427 ",,,,,,,,,
,,,,,,,,,,,,,,,,,,,,
IV,Máy thi công ,,,,,,,,,,,,,,,"  2,025,000.00 ",,,,
1,Bê tông bọt chống nóng mái M75,m3,46.40,"50,000","2,320,130",,,,  46.40 ,"  50,000 ","  2,320,130 ",,,,,,,,,
,Cần cẩu bánh hơi 6T,ca,3.22,"1,661,396","5,349,695",,,,  3.22 ,"  1,661,396 ","  5,349,695 ",,,,,,,,,
2,Cần cẩu bánh hơi 16T,ca,1.14,"2,093,724","2,388,102",,,,  1.14 ,"  2,093,724 ","  2,388,102 ",,,,,,,,,
3,Cần cẩu bánh xích 10T,ca,66.85,"2,081,411","139,140,244",,,,66.06,"2,081,411","137,494,472",,,,,,,,,
4,"Cần trục tháp - sức nâng : 25,0 T",ca,7.805,"3,108,408","24,259,881",,,,7.410,"3,108,408","23,032,487",,,,,  33.00 ,,,,
5,Máy bơm bê tông 40 - 60 m3/h,ca,12.8048,"2,326,646","29,792,237",,,,10.8048,"2,685,185","14,516,773",,,,,,,,,
,Bơm bê tông ,ca,,,,1,"  2,407,407.4 ","  2,407,407.4 ",,,,  508 ,,,,,,,,
,Bơm bê tông ,m3,,,,87.5,"  60,185.19 ","  5,266,204 ",,,,  508 ,,,,,,,,
,Bơm bê tông ,ca,,,,1,"  2,685,185.18 ","  2,685,185 ",,,,  169 ,,,,,,,,
,Bơm bê tông ,m3,,,,74,"  60,185.19 ","  4,453,704 ",,,,  169 ,,,,,,,,
,Bù cước vận chuyển,chuyến,,,,1,"  462,963.00 ","  462,963 ",,,,  169 ,,,,,,,,
,"Máy cắt gạch đá - công suất : 1,7 kW",ca,175.954116,"27,917","4,912,111",,,,,,"-694,798",,,,,,,,,
6,"Máy cắt uốn cốt thép - công suất : 5,0 kW",ca,21.2177,"306,576","6,504,838",,,"  13,902,778 ",,,,,,,,,,,,
,"Máy cắt bê tông - công suất : 7,50 kW",ca,5.32136,"336,574","1,791,031",,,,,,,,,,,,,,,
7,"Máy đầm bê tông, dầm dùi - công suất : 1,5 kW",ca,60.2345,"302,006","18,191,180",,,,60.2345,"302,006","18,191,180",,,,"3,646,691,721",,,,,
8,"Máy đầm bê tông, đầm bàn - công suất : 1,0 kW",ca,11.495,"298,032","3,425,729",,,,11.495,"298,032","3,425,729",,,,,,,,,
9,Máy đầm đất cầm tay - trọng lượng : 70 kg,ca,12.6147,"394,569","4,977,370",,,,12.6147,"394,569","4,977,370",,,,,,,,,
10,Máy ép cọc trước lực ép 200T,ca,66.0583,"765,080","50,539,884",,,,66.0583,"765,080","50,539,884",,,,,,,,,
,Máy hàn nhiệt cầm tay,ca,17.0944,"14,434","246,741",,,,17.0944,"14,434","246,741",,,,,,,,,
11,"Máy hàn xoay chiều - công suất : 23,0 kW",ca,154.609,"442,898","68,476,017",,,,154.609,"442,898","68,476,017",,,,,,,,,
,"Máy khoan bê tông cầm tay- công suất : 0,62kW",ca,50.7516,"15,072","764,928",,,,50.7516,"15,072","764,928",,,,,,,,,
12,"Máy khoan đứng - công suất : 4,5 kW",ca,5.92992,"68,227","404,581",,,,5.92992,"68,227","404,581",,,,,,,,,
13,"Máy mài - công suất : 2,7 kW",ca,1.883583,"19,115","36,005",,,,1.883583,"19,115","36,005",,,,,,,,,
14,"Máy nén khí, động cơ diezel - năng suất : 360,00 m3/h",ca,0.6177,"1,165,568","719,971",,,,0.6177,"1,165,568","719,971",,,,,,,,,
15,"Máy trộn bê tông - dung tích : 250,0 lít",ca,5.938,"346,163","2,055,516",,,,5.938,"346,163","2,055,516",,,,,,,,,
16,Máy trộn vữa 150 lít,ca,24.0497,"320,127","7,698,958",,,,13.192747,"320,127","4,223,355",,,,,,,,,
17,"Máy vận thăng - sức nâng : 0,8 T",ca,0.5471,"472,914","258,731",,,,0.547068,"472,914","258,716",,,,,,,,,
18,"Máy vận thăng lồng - sức nâng : 3,0 T",ca,7.5494,"853,004","6,439,668",,,,7.4097375,"853,004","6,320,536",,,,,,,,,
19,,,,,,,,,,,,,,,,,,,,
20,"Máy đào một gầu, bánh xích - dung tích gầu : 0,80 m3",ca,0.8,"2,536,376","2,029,101",10,"  2,500,000 ","  25,000,000 ",-1.235,,,,,,,,,,,
21,"Máy đào một gầu, bánh xích - dung tích gầu : 1,25 m3",ca,1.4253,"3,478,232","4,957,524",,,,,,,  37 ,,,,,,,,
22,"Máy đào 1,25 m3 gắn đầu búa thủy lực / hàm kẹp",ca,6.540,"3,745,164","24,493,747",,,,,,,,,,,,,,,
23,"Ô tô tự đổ - trọng tải : 10,0 T",ca,38.4152,"1,990,510","76,465,840",,,,38.4152,"1,990,510","76,465,840",,,,,,,,,
24,"Máy bơm nước, động cơ diezel - công suất : 5,0 CV",ca,4.762,"72,397","344,755",,,,4.762,"72,397","344,755",,,,,,,,,
,,,,,,,,,,,,,,,,,,,,
,,,,,,,,,,,,,,,,,,,,
25,Thi công phá dỡ ,,,,,,,"  99,351,852 ",,,,,,,,,,,,
,,,,,,,,,,,,,,,,,,,,
26,Máy khác,%,,,,,,,,,,,,,,,,,,
,,,,,,,,,,,,,,,,,,,,
,Cộng máy,,,,"488,984,514",,,"153,530,094",,,"421,857,983",,,,,,,,,
,,,,,,,,,,,,,,,,,,,,
,Tổng VL+ NC +Máy,,,,"7,511,996,392",,,"4,303,557,521",,,"4,926,554,700",,,,,,,,,
,,,,,,,,,,,,,,,,,,,,
,,,,,,,,,,,,,,,,,,,,
,,,,,,,,,,,,,,,,,,,,
,,,,,,,,,,,,,,,,,,,,
,,,,,,,,,,,,,,,,,,,,
,,,,,,,,,,,,,,,,,,,,
CÔNG TY CP XÂY DỰNG NGÔ QUYỀN ,,,,,,,,,,,,,,,,,,,,
Số 149-Hai Bà Trưng-Lê Chân - HP,,,,,,,,,,,,,,,,,,,,
BẢNG CÂN ĐỐI VẬT TƯ,,,,,,,,,,,,,,,,,,,,
Công trình: Trường mầm non Trại chuối,,,,,,,,,,,,,,,,,,,,
"HM: Cấp điện, điện nhẹ khối nhà xây mới",,,,,,,,,,,,,,,,,,,,
STT,Tên vật tư ,ĐV,Dự Toán,,,Hoá đơn ,,,Còn phải nhập ,,,Số HĐ,,,,,,,,
,,,SL,ĐG,TT,SL,ĐG,TT,SL,ĐG,TT,,,,,,,,,
I,Vật liệu,,,,,,,,,,,,,,,,,,,
1,"Thanh cái Cu, ICP=100A", hệ ,  1 ,"  180,000 ","  180,000 ",,,,  1 ,"  180,000 ","  180,000 ",,,,,,,,,
2,"Thanh cái Cu, ICP=50A", hệ ,  1 ,"  100,000 ","  100,000 ",,,,  1 ,"  100,000 ","  100,000 ",,,,,,,,,
3,"Thanh cái Cu, ICP=50A", hệ ,  1 ,"  100,000 ","  100,000 ",,,,  1 ,"  100,000 ","  100,000 ",,,,,,,,,
4,Chụp thải gió inox D150, cái ,  8 ,"  200,000 ","  1,600,000 ",,,,  8 ,"  200,000 ","  1,600,000 ",,,,,,,,,
5,Lắp đặt dây cáp HDMI (loại 10m), cái ,  8 ,"  369,000 ","  2,952,000 ",,,,  8 ,"  369,000 ","  2,952,000 ",,,,,,,,,
6,Túi hạt mạng (100 hạt), túi ,  1 ,"  160,000 ","  160,000 ",,,,  1 ,"  160,000 ","  160,000 ",,,,,,,,,
7,Louver thải gió KT 750x300, cái ,  1 ,"  350,000 ","  350,000 ",,,,  1 ,"  350,000 ","  350,000 ",,,,,,,,,
8,Băng báo hiệu cáp bản 300mm, m ,  25 ,"  9,000 ","  225,000 ",,,,  25 ,"  9,000 ","  225,000 ",,,,,,,,,
9,Aptomat MCB 10A-1P-6kA, cái ,  25 ,"  96,000 ","  2,400,000 ",,,,  25 ,"  96,000 ","  2,400,000 ",,,,,,,,,
10,Aptomat MCB 20A-1P-6kA, cái ,  45 ,"  96,000 ","  4,320,000 ",,,,  45 ,"  96,000 ","  4,320,000 ",,,,,,,,,
11,Aptomat MCB 25A-3P-10kA, cái ,  10 ,"  480,000 ","  4,800,000 ",,,,  10 ,"  480,000 ","  4,800,000 ",,,,,,,,,
12,Aptomat MCB 32A-1P-10kA, cái ,  2 ,"  96,000 ","  192,000 ",,,,  2 ,"  96,000 ","  192,000 ",,,,,,,,,
13,Aptomat MCB 32A-3P-10kA, cái ,  10 ,"  480,000 ","  4,800,000 ",,,,  10 ,"  480,000 ","  4,800,000 ",,,,,,,,,
14,Aptomat MCB 50A-3P-10kA, cái ,  6 ,"  580,000 ","  3,480,000 ",,,,  6 ,"  580,000 ","  3,480,000 ",,,,,,,,,
15,Aptomat MCCB 80A-3P-25kA, cái ,  1 ,"  1,844,260 ","  1,844,260 ",,,,  1 ,"  1,844,260 ","  1,844,260 ",,,,,,,,,
16,Aptomat RCBO 20A-2P-6kA, cái ,  10 ,"  422,800 ","  4,228,000 ",,,,  10 ,"  422,800 ","  4,228,000 ",,,,,,,,,
17,Bu lông mạ M6x20, cái ,  51 ,  500 ,"  25,575 ",,,,  51 ,  500 ,"  25,575 ",,,,,,,,,
18,Cao su làm gioăng, m2 ,  0 ,"  50,000 ","  11,748 ",,,,  0 ,"  50,000 ","  11,748 ",,,,,,,,,
19,Côn đầu quạt, cái ,  2 ,"  150,000 ","  300,000 ",,,,  2 ,"  150,000 ","  300,000 ",,,,,,,,,
20,Côn ống gió KT 300x250/D250, cái ,  2 ,"  136,000 ","  272,000 ",,,,  2 ,"  136,000 ","  272,000 ",,,,,,,,,
21,Cồn rửa, kg ,  1 ,"  30,000 ","  17,928 ",,,,  1 ,"  30,000 ","  17,928 ",,,,,,,,,
22,Công tác 1 chiều ba + mặt nhựa, cái ,  8 ,"  84,300 ","  674,400 ",,,,  8 ,"  84,300 ","  674,400 ",,,,,,,,,
23,Công tác 1 chiều ba đảo chiều + mặt nhựa, cái ,  4 ,"  84,300 ","  337,200 ",,,,  4 ,"  84,300 ","  337,200 ",,,,,,,,,
24,Công tác 1 chiều bốn + mặt nhựa, cái ,  8 ,"  103,500 ","  828,000 ",,,,  8 ,"  103,500 ","  828,000 ",,,,,,,,,
25,Công tác 1 chiều đảo chiều + mặt nhựa, cái ,  2 ,"  41,100 ","  82,200 ",,,,  2 ,"  41,100 ","  82,200 ",,,,,,,,,
26,Công tác 1 chiều đôi + mặt nhựa, cái ,  1 ,"  62,700 ","  62,700 ",,,,  1 ,"  62,700 ","  62,700 ",,,,,,,,,
27,Công tác 1 chiều đôi đảo chiều + mặt nhựa, cái ,  2 ,"  62,700 ","  125,400 ",,,,  2 ,"  62,700 ","  125,400 ",,,,,,,,,
28,Công tác 1 chiều đơn + mặt nhựa, cái ,  24 ,"  41,100 ","  986,400 ",,,,  24 ,"  41,100 ","  986,400 ",,,,,,,,,
29,Công tắc bình nước nóng, cái ,  16 ,"  20,000 ","  320,000 ",,,,  16 ,"  20,000 ","  320,000 ",,,,,,,,,
30,Dây cáp internet UTP CAT6E, m ,  455 ,"  5,500 ","  2,499,750 ",,,,  455 ,"  5,500 ","  2,499,750 ",,,,,,,,,
31,"Dây dẫn CU/PVC (1x1,5)mm2", m ,"  6,060 ","  5,720 ","  34,663,200 ",,,,"  6,060 ","  5,720 ","  34,663,200 ",,,,,,,,,
,"Dây cu 1x1,5mm2", m ,,,,"  1,200 ","  7,100 ","  8,520,000 ","  1,200 ","  7,100 ","  8,520,000 ",208,,,,,,,,
,"Dây cu 1x1,5mm2", m ,,,,"  2,400 ","  7,100 ","  17,040,000 ","  2,400 ","  7,100 ","  17,040,000 ",223,,,,,,,,
,"Dây điện 1x1,5", m ,,,,"  2,600 ","  7,100 ","  18,460,000 ","  2,600 ","  7,100 ","  18,460,000 ",223,,,,,,,,
32,Dây dẫn CU/PVC (1x10)mm2 (tiếp địa), m ,  26 ,"  34,300 ","  900,718 ",,,,  26 ,"  34,300 ","  900,718 ",,,"  53,415,000 ",,,,,,
,Dây điện 1x10, m ,,,,  26 ,"  50,550 ","  1,314,300 ",  26 ,"  50,550 ","  1,314,300 ",208,,,,,,,,
33,"Dây dẫn CU/PVC (1x2,5)mm2", m ,"  2,323 ","  9,320 ","  21,650,360 ",,,,"  2,323 ","  9,320 ","  21,650,360 ",,,,,,,,,
,"Dây điện 1x2,5", m ,,,,"  1,700 ","  11,200 ","  19,040,000 ","  1,700 ","  11,200 ","  19,040,000 ",208,,,,,,,,
,"Dây điện 1x2,5", m ,,,,"  1,200 ","  11,200 ","  13,440,000 ","  1,200 ","  11,200 ","  13,440,000 ",223,,,,,,,,
,"Dây điện 1x2,5", m ,,,,  100 ,"  11,200 ","  1,120,000 ",  100 ,"  11,200 ","  1,120,000 ",223,,,,,,,,
34,"Dây dẫn CU/PVC (1x2,5)mm2 (tiếp địa)", m ,"  1,162 ","  9,320 ","  10,825,180 ",,,,"  1,162 ","  9,320 ","  10,825,180 ",,,,,,,,,
35,Dây dẫn CU/PVC (1x4)mm2 (tiếp địa), m ,  254 ,"  17,160 ","  4,350,232 ",,,,  254 ,"  17,160 ","  4,350,232 ",,,,,,,,,
,Dây điện 1x4, m ,,,,  300 ,"  18,600 ","  5,580,000 ",  300 ,"  18,600 ","  5,580,000 ",208,,,,,,,,
,Dây điện 1x4,,,,,  100 ,"  18,600 ","  1,860,000 ",  100 ,"  18,600 ","  1,860,000 ",223,,,,,,,,
36,Dây dẫn CU/PVC (1x6)mm2 (tiếp địa), m ,  51 ,"  25,190 ","  1,272,095 ",,,,  51 ,"  25,190 ","  1,272,095 ",,,,,,,,,
,Dây điện 1x6, m ,,,,  50 ,"  28,600 ","  1,430,000 ",  50 ,"  28,600 ","  1,430,000 ",208,,,,,,,,
37,Dây dẫn CU/XLPE/DSTA/PVC (4x25)mm2, m ,  25 ,"  400,000 ","  10,100,000 ",,,,  25 ,"  400,000 ","  10,100,000 ",,,,,,,,,
,Cáp điện 4x25, m ,,,,  20 ,"  498,188 ","  9,963,760 ",  20 ,"  498,188 ","  9,963,760 ",208,,,,,,,,
38,Dây dẫn CU/XLPE/PVC (4x10)mm2, m ,  26 ,"  163,636 ","  4,297,081 ",,,,  26 ,"  163,636 ","  4,297,081 ",,,,,,,,,
,Cáp cu 4x10, m ,,,,  15 ,"  204,130 ","  3,061,950 ",  15 ,"  204,130 ","  3,061,950 ",,,,,,,,,
39,Dây dẫn CU/XLPE/PVC (4x4)mm2, m ,  178 ,"  70,000 ","  12,443,200 ",,,,  178 ,"  70,000 ","  12,443,200 ",,,,,,,,,
,Cáp điện 4x4, m ,,,,  180 ,"  85,910 ","  15,463,800 ",  48 ,"  85,910 ","  4,123,680 ",208,,,,,,,,
40,Dây dẫn CU/XLPE/PVC (4x6)mm2, m ,  51 ,"  105,545 ","  5,330,023 ",,,,  51 ,"  105,545 ","  5,330,023 ",,,,,,,,,
,Cáp cu 4x6, m ,,,,  40 ,"  129,300 ","  5,172,000 ",  40 ,"  129,300 ","  5,172,000 ",208,,,,,,,,
41,Đèn led dowlight tròn 7W, bộ ,  336 ,"  140,000 ","  47,040,000 ",,,,  336 ,"  140,000 ","  47,040,000 ",,,,,,,,,
42,Đèn led dowlight tròn chống ẩm 16W, bộ ,  40 ,"  376,000 ","  15,040,000 ",,,,  40 ,"  376,000 ","  15,040,000 ",,,,,,,,,
43,Đèn led dowlight vuông âm trần 12W, bộ ,  45 ,"  216,000 ","  9,720,000 ",,,,  45 ,"  216,000 ","  9,720,000 ",,,,,,,,,
44,Đèn led panel âm trần 600x600mm-40W, bộ ,  19 ,"  1,102,000 ","  20,938,000 ",,,,  19 ,"  1,102,000 ","  20,938,000 ",,,,,,,,,
45,Giá treo ống gió V4, cái ,  1 ,"  150,000 ","  150,000 ",,,,  1 ,"  150,000 ","  150,000 ",,,,,,,,,
46,Hộp số (nếu có), cái ,  31 ,"  28,333 ","  878,323 ",,,,  31 ,"  28,333 ","  878,323 ",,,,,,,,,
,,,,,,,,,,,,,,,,,,,,
47,"Hộp tủ điện kim loại KT 400x300x200mm, tôn dày 1,5mm, vỏ tủ sơn tĩnh điện", bộ ,  2 ,"  700,000 ","  1,400,000 ",,,,  1 ,"  320,000 ","  320,000 ",,,,6,,,,,
,Tủ sắt sơn tĩnh điện 40x30x150, cái ,,,,  1 ,"  320,000 ","  320,000 ",,,,144,,,,,,,,
,Tủ điện nổi 30x20 NT, cái ,,,,  2 ,"  380,000 ","  760,000 ",,,,208,Hỏi lại xem đúng loại ko,,,,,,,
48,"Hộp tủ điện kim loại KT 600x400x250mm, tôn dày 1,5mm, vỏ tủ sơn tĩnh điện", bộ ,  1 ,"  850,000 ","  850,000 ",,,,  -   ,,,,,,,,,,,
,Tủ điện 600x400x180, cái ,,,,  1 ,"  530,000 ","  530,000 ",,,,144,,,,,,,,
,,,,,,,,,,,,,,,,,,,,
49,Isolatos 32A, bộ ,  2 ,"  848,520 ","  1,697,040 ",,,,  2 ,"  848,520 ","  1,697,040 ",,,,,,,,,
50,Keo dán, kg ,  0.20 ,"  118,000 ","  23,600 ",,,,  0.200 ,"  118,000 ","  23,600 ",,,,,,,,,
51,Nhựa dán, kg ,  0.04 ,"  86,000 ","  3,302 ",,,,  0.038 ,"  86,000 ","  3,302 ",,,,,,,,,
52,Ổ cắm đôi 3 chấu + đế nhựa, cái ,  72 ,"  123,180 ","  8,868,960 ",,,,,,"  8,003,360 ",,,,,,,,,
,Đế âm đôi, cái ,,,,  30 ,"  11,500 ","  345,000 ",,,,144,,,,,,,,
,Đế âm đơn, cái ,,,,  137 ,"  3,800 ","  520,600 ",,,,144,,,,,,,,
53,Ổ cắm mạng internet RJ45 (mặt hạt kèm đế âm), cái ,  16 ,"  95,000 ","  1,520,000 ",,,,  16 ,"  95,000 ","  1,520,000 ",,,,,,,,,
54,Ống nhựa bảo hộ dây dẫn PVC D16, m ,"  2,754 ","  6,575 ","  18,107,550 ",,,,,,"  13,300,550 ",,,,0.3684210526,,,,,
,Ống cứng D16, cây ,,,,  60 ,"  20,900 ","  1,254,000 ",,,,144,,,,,,,,
,Ống luồn dây điện SP9016, cây ,,,,  170 ,"  20,900 ","  3,553,000 ",,,,187,,,,,,,,
55,Ống nhựa bảo hộ dây dẫn PVC D20, m ,"  1,515 ","  9,281 ","  14,057,931 ",,,,,,"  5,881,931 ",,,,36.84210526,,,,,
,Ống đàn hồi SP16, m ,,,,  150 ,"  3,700 ","  555,000 ",,,,208,,,,,,,,
,Ống đàn hồi SP16, m ,,,,  350 ,"  3,700 ","  1,295,000 ",,,,223,,,,,,,,
,Ống cứng D20, cây ,,,,  100 ,"  29,200 ","  2,920,000 ",,,,144,,,,,,,,
,Ống luồn dây điện SP9020, cây ,,,,  180 ,"  29,200 ","  5,256,000 ",,,,187,,,,,,,,
57,Ống nhựa bảo hộ dây dẫn PVC D32, m ,  301 ,"  25,548 ","  7,687,393 ",,,,,,"  2,557,393 ",,,,,,,,,
,Ống cứng D32, cây ,,,,  10 ,"  85,500 ","  855,000 ",,,,144,,,,,,,,
,Ống luồn dây điện SP9032, cây ,,,,  50 ,"  85,500 ","  4,275,000 ",,,,187,,"  147,949,110 ",,,,,,
,Ống luồn dây điện SP20, cây ,,,,  70 ,"  29,200 ","  2,044,000 ",,,,208,,,,,,,,
,Ống luồn dây điện SP25, cây ,,,,  35 ,"  40,500 ","  1,417,500 ",,,,208,,,,,,,,
58,"Ống nhựa D150mm, class 1", m ,  24 ,"  111,818 ","  2,710,468 ",,,,  24 ,"  111,818 ","  2,710,468 ",,,,#REF!,,,,,
59,Ống nhựa HDPE D80/63mm bảo vệ cáp ngầm, m ,  25 ,"  90,000 ","  2,272,500 ",,,,  (5),,,,,,14395,,,,,
,Ống HDPE 85/65, m ,,,,  20 ,"  30,000 ","  600,000 ",,,,144,,,,,,,,
,Ống HDPE 30/40, m ,,,,  10 ,"  12,000 ","  120,000 ",,,,144,,,,,,,,
60,Ống thông gió D25, m ,  5 ,"  86,000 ","  430,000 ",,,,  5 ,"  86,000 ","  430,000 ",,,,,,,,,
61,Ống thông gió hộp KT 300x250mm, m ,  1 ,"  196,000 ","  156,800 ",,,,  1 ,"  196,000 ","  156,800 ",,,,,,,,,
62,Ống thông gió hộp KT 400x300mm, m ,  1 ,"  245,000 ","  159,250 ",,,,  1 ,"  245,000 ","  159,250 ",,,,,,,,,
63,Ống thông gió mềm D150, m ,  8 ,"  250,000 ","  2,000,000 ",,,,  8 ,"  250,000 ","  2,000,000 ",,,,,,,,,
64,"Quạt hướng trục hút bếp, động cơ gắn ngoài Q=3600m3/h, H=300Pa, 3P/380V/50Hz -1,5KW", cái ,  1 ,"  4,500,000 ","  4,500,000 ",,,,  1 ,"  4,500,000 ","  4,500,000 ",,,,,,,,,
65,"Quạt thông gió gắn trần WC, Q=200m3/h, H=50PA, P=30W", cái ,  10 ,"  181,820 ","  1,818,200 ",,,,  10 ,"  181,820 ","  1,818,200 ",,,,,,,,,
66,"Quạt trần sải cánh D1400, công suất 70W", cái ,  31 ,"  750,000 ","  23,250,000 ",,,,  31 ,"  750,000 ","  23,250,000 ",,,,,,,,,
67,Tê D150, cái ,  8 ,"  63,727 ","  509,816 ",,,,  8 ,"  63,727 ","  509,816 ",,,,,,,,,
68,Tê ống gió vuông KT 400x300/300x250/300x250, cái ,  1 ,"  350,000 ","  350,000 ",,,,  1 ,"  350,000 ","  350,000 ",,,,,,,,,
69,Tủ điện phòng âm tường chứa 14 aptomat, bộ ,  8 ,"  950,000 ","  7,600,000 ",,,,  -   ,,,,,,,,,,,
70,Tủ điện âm tường 8/12, cái ,,,,  8 ,"  350,000 ","  2,800,000 ",,,,144,,,,,,,,
71,Tủ điện phòng âm tường chứa 18 aptomat, bộ ,  1 ,"  950,000 ","  950,000 ",,,,  -   ,,,,,,,,,,,
,Tủ điện âm tường 14/18, cái ,,,,  1 ,"  650,000 ","  650,000 ",,,,144,,,,,,,,
,,,,,,,,,,,,,,,,,,,,
,Phần hoá đơn có ,,,,,,,,,,,,,,,,,,,
,Khớp nối trơn 16(măng xông D16), cái ,,,,  400 ,"  1,000 ","  400,000 ",,,,144+208+187,,,,,,,,
,Khớp nối trơn20(măng xông D20), cái ,,,,  310 ,"  1,100 ","  341,000 ",,,,144+187+208,,,,,,,,
,Khớp nối trơn20(măng xông D25), cái ,,,,  100 ,"  1,600 ","  160,000 ",,,,208,,,,,,,,
,Khớp nối trơn32(măng xông D32), cái ,,,,  90 ,"  2,200 ","  198,000 ",,,,187+50,,,,,,,,
,Kẹp 16, cái ,,,,  150 ,"  1,220 ","  183,000 ",,,,144,,,,,,,,
,Kẹp 16, cái ,,,,  300 ,"  1,220 ","  366,000 ",,,,187,,,,,,,,
,Kẹp 20, cái ,,,,  360 ,"  1,250 ","  450,000 ",,,,144+208,,,,,,,,
,Kẹp 25, cái ,,,,  100 ,"  2,260 ","  226,000 ",,,,,,,,,,,,
,Kẹp 32, cái ,,,,  150 ,"  2,420 ","  363,000 ",,,,187+208+144,,,,,,,,
,Chia 3/16, cái ,,,,  200 ,"  6,200 ","  1,240,000 ",,,,144,,,,,,,,
,Hộp chia ngả 3 đường, cái ,,,,  300 ,"  6,200 ","  1,860,000 ",,,,187+208,,,,,,,,
,Chia 3/20, cái ,,,,  100 ,"  6,500 ","  650,000 ",,,,144,,,,,,,,
,Hộp nối dây tự chống cháy 110x110, cái ,,,,  30 ,"  16,000 ","  480,000 ",,,,144+208,,,,,,,,
,Hộp nối dây tự chống cháy 110x111, cái ,,,,  10 ,"  16,000 ","  160,000 ",,,,187,,,,,,,,
,Hộp nối dây tự chống cháy 185x185, cái ,,,,  3 ,"  68,000 ","  204,000 ",,,,187,,,,,,,,
,Hộp nối dây tự chống cháy 160x160, cái ,,,,  15 ,"  37,600 ","  564,000 ",,,,187,,,,,,,,
,Ống đàn hồi(Ống sun D16), m ,,,,  50 ,"  3,700 ","  185,000 ",,,,144,,,,,,,,
,Ống đàn hồi(Ống sun D16), m ,,,,  100 ,"  3,700 ","  370,000 ",,,,187,,,,,,,,
,Ống đàn hồi(Ống sun D20), m ,,,,  50 ,"  4,400 ","  220,000 ",,,,144,,,,,,,,
,Ống đàn hồi(Ống sun D20), m ,,,,  50 ,"  4,400 ","  220,000 ",,,,187,,,,,,,,
,Ống đàn hồi(Ống sun D25), m ,,,,  25 ,"  14,288 ","  357,200 ",,,,187,,,,,,,,
,Băng dính điện, cuộn ,,,,  10 ,"  10,000 ","  100,000 ",,,,144,,,,,,,,
,,,,,,  20 ,"  10,000 ","  200,000 ",,,,223,,,,,,,,
,,,,,,,,,,,,,,"  13,084,000 ",,,,,,
,,,,,,,,,,,,,,"  147,949,110 ",,,,,,
,Cộng VL,,,,"  338,795,783 ",,,"  161,033,110 ",,,"  417,190,373 ",,,,,,,,,
,NHÂN CÔNG,,,,,,,,,,,,Nhân công + máy cộng cả vào bảng chung các HM rồi,,,,,,,
,,,,,,,,,,,,,,,,,,,,
,Cộng NC,,,,  -   ,,,,,,,,,,,,,,,
,MÁY THI CÔNG,,,,,,,,,,,,,,,,,,,
,,,,,,,,,,,,,,,,,,,,
,Cộng Máy,,,,  -   ,,,,,,,,,,,,,,,
,Cộng tổng,,,,"  338,795,783 ",  -   ,  -   ,"  161,033,110 ",  -   ,  -   ,"  417,190,373 ",,,,,,,,,
,,,,,,,,,,,,,,,,,,,,
,,,,,,,,,,,,,,,,,,,,
,,,,,,,,,,,,,,,,,,,,
,,,,,,,,,,,,,,,,,,,,
,,,,,,,,,,,,,,,,,,,,
,,,,,,,,,,,,,,,,,,,,
,,,,,,,,,,,,,,,,,,,,
,,,,,,,,,,,,,,,,,,,,
,,,,,,,,,,,,,,,,,,,,
,,,,,,,,,,,,,,,,,,,,
,,,,,,,,,,,,,,,,,,,,
,,,,,,,,,,,,,,,,,,,,
,,,,,,,,,,,,,,,,,,,,
,,,,,,,,,,,,,,,,,,,,
,,,,,,,,,,,,,,,,,,,,
,,,,,,,,,,,,,,,,,,,,
,,,,,,,,,,,,,,,,,,,,
,,,,,,,,,,,,,,,,,,,,
,,,,,,,,,,,,,,,,,,,,
,,,,,,,,,,,,,,,,,,,,
,,,,,,,,,,,,,,,,,,,,
,,,,,,,,,,,,,,,,,,,,
,,,,,,,,,,,,,,,,,,,,
CÔNG TY CP XÂY DỰNG NGÔ QUYỀN ,,,,,,,,,,,,,,,,,,,,
Số 149-Hai Bà Trưng-Lê Chân - HP,,,,,,,,,,,,,,,,,,,,
BẢNG CÂN ĐỐI VẬT TƯ,,,,,,,,,,,,,,,,,,,,
Công trình: Trường mầm non Trại chuối,,,,,,,,,,,,,,,,,,,,
HM: Cấp thoát nước khối xây mới,,,,,,,,,,,,,,,,,,,,
STT,Tên vật tư ,ĐV,Dự Toán,,,Hoá đơn ,,,Còn phải nhập ,,,Số HĐ,,,,,,,,
,,,SL,ĐG,TT,SL,ĐG,TT,SL,ĐG,TT,,,,,,,,,
I,Vật liệu,,,,,,,,,,,,,,,,,,,
1,Băng tan, m ,  93.600 ,"  1,455 ","  136,188 ",  -   ,,,  93.60 ,"  1,455 ","  136,188 ",,,,,,,,,
2,BE D20mm, cái ,  0.245 ,"  74,050 ","  18,142 ",,,,  0.25 ,"  74,050 ","  18,142 ",,,,,,,,,
3,BE D25mm, cái ,  0.032 ,"  92,562 ","  2,962 ",,,,  0.03 ,"  92,562 ","  2,962 ",,,,,,,,,
4,BE D32mm, cái ,  0.012 ,"  118,479 ","  1,422 ",,,,  0.01 ,"  118,479 ","  1,422 ",,,,,,,,,
5,BE D40mm, cái ,  0.024 ,"  148,099 ","  3,480 ",,,,  0.02 ,"  148,099 ","  3,480 ",,,,,,,,,
6,BE D65mm, cái ,  0.028 ,"  240,661 ","  6,618 ",,,,  0.03 ,"  240,661 ","  6,618 ",,,,,,,,,
7,BE D75mm, cái ,  0.010 ,"  277,686 ","  2,777 ",,,,  0.01 ,"  277,686 ","  2,777 ",,,,,,,,,
8,"Bể chứa nước Inox 5,0m3 (Sơn Hà hoặc tương đương)", bể ,  3.000 ,"  17,460,000 ","  52,380,000 ",,,,  3.00 ,"  17,460,000 ","  52,380,000 ",,,,,,,,,
9,Bình tích áp 50L, bể ,  2.000 ,"  3,600,000 ","  7,200,000 ",,,,  2.00 ,"  3,600,000 ","  7,200,000 ",,,,,,,,,
10,BU D20mm, cái ,  0.245 ,"  44,100 ","  10,805 ",,,,  0.25 ,"  44,100 ","  10,805 ",,,,,,,,,
11,BU D25mm, cái ,  0.032 ,"  55,125 ","  1,764 ",,,,  0.03 ,"  55,125 ","  1,764 ",,,,,,,,,
12,BU D32mm, cái ,  0.012 ,"  70,875 ",  851 ,,,,  0.01 ,"  70,875 ",  851 ,,,,,,,,,
13,BU D40mm, cái ,  0.024 ,"  88,200 ","  2,073 ",,,,  0.02 ,"  88,200 ","  2,073 ",,,,,,,,,
14,BU D65mm, cái ,  0.028 ,"  126,000 ","  3,465 ",,,,  0.03 ,"  126,000 ","  3,465 ",,,,,,,,,
15,BU D75mm, cái ,  0.010 ,"  141,750 ","  1,418 ",,,,  0.01 ,"  141,750 ","  1,418 ",,,,,,,,,
16,Bu lông M16, bộ ,  16.000 ,"  4,583 ","  73,328 ",,,,  16.00 ,"  4,583 ","  73,328 ",,,,,,,,,
17,Bu lông M16-M20, bộ ,  32.000 ,"  5,917 ","  189,344 ",,,,  32.00 ,"  5,917 ","  189,344 ",,,,,,,,,
18,Bu lông M16-M20, cái ,  4.000 ,"  7,100 ","  28,400 ",,,,  4.00 ,"  7,100 ","  28,400 ",,,,,,,,,
19,Cao su tấm, m2 ,  0.090 ,"  50,000 ","  4,500 ",,,,  0.09 ,"  50,000 ","  4,500 ",,,,,,,,,
20,Cầu thu mưa DN100, cái ,  10.000 ,"  180,000 ","  1,800,000 ",,,,  10.00 ,"  180,000 ","  1,800,000 ",,,,,,,,,
21,Clor bột, gam ,  332.500 ,  50 ,"  16,625 ",,,,  332.50 ,  50 ,"  16,625 ",,,,,,,,,
22,Con thỏ uPVC D75, cái ,  32.000 ,"  23,200 ","  742,400 ",,,,  32.00 ,"  23,200 ","  742,400 ",,,,,,,,,
23,Cồn công nghiệp, kg ,  0.400 ,"  21,000 ","  8,400 ",,,,  0.40 ,"  21,000 ","  8,400 ",,,,,,,,,
24,Cồn rửa, kg ,  42.655 ,"  30,000 ","  1,279,644 ",,,,  42.65 ,"  30,000 ","  1,279,644 ",,,,,,,,,
25,Côn thu nhựa PPR D25/20 PN20, cái ,  40.000 ,"  4,545 ","  181,800 ",,,,  40.00 ,"  4,545 ","  181,800 ",,,,,,,,,
26,Côn thu nhựa PPR D32/25 PN20, cái ,  24.000 ,"  6,455 ","  154,920 ",,,,  24.00 ,"  6,455 ","  154,920 ",,,,,,,,,
27,Côn thu nhựa PPR D40/32 PN20, cái ,  8.000 ,"  10,000 ","  80,000 ",,,,  8.00 ,"  10,000 ","  80,000 ",,,,,,,,,
28,Côn thu nhựa PPR D50/40 PN20, cái ,  3.000 ,"  18,000 ","  54,000 ",,,,  3.00 ,"  18,000 ","  54,000 ",,,,,,,,,
29,Côn thu nhựa PPR D63/50 PN20, cái ,  1.000 ,"  34,818 ","  34,818 ",,,,  1.00 ,"  34,818 ","  34,818 ",,,,,,,,,
30,Côn thu nhựa PPR D75/63 PN20, cái ,  2.000 ,"  64,818 ","  129,636 ",,,,  2.00 ,"  64,818 ","  129,636 ",,,,,,,,,
31,Côn thu uPVC D110/90 PN8, cái ,  3.000 ,"  20,900 ","  62,700 ",,,,  3.00 ,"  20,900 ","  62,700 ",,,,,,,,,
32,Côn thu uPVC D76/42 PN8, cái ,  32.000 ,"  9,200 ","  294,400 ",,,,  32.00 ,"  9,200 ","  294,400 ",,,,,,,,,
33,Côn thu uPVC D76/60 PN8, cái ,  16.000 ,"  9,700 ","  155,200 ",,,,  16.00 ,"  9,700 ","  155,200 ",,,,,,,,,
34,Côn thu uPVC D90/75 PN8, cái ,  3.000 ,"  14,300 ","  42,900 ",,,,  3.00 ,"  14,300 ","  42,900 ",,,,,,,,,
35,Cụm đồng hồ nước DN32 và hộp bảo vệ, cái ,  1.000 ,"  400,000 ","  400,000 ",,,,  1.00 ,"  400,000 ","  400,000 ",,,,,,,,,
36,Cút, cái ,  48.000 ,"  6,500 ","  312,000 ",,,,  48.00 ,"  6,500 ","  312,000 ",,,,,,,,,
37,Cút PPR D20 PN20, cái ,  280.000 ,"  5,545 ","  1,552,600 ",,,,  280.00 ,"  5,545 ","  1,552,600 ",,,,,,,,,
38,Cút PPR D25 PN20, cái ,  10.000 ,"  7,364 ","  73,640 ",,,,  10.00 ,"  7,364 ","  73,640 ",,,,,,,,,
39,Cút PPR D32 PN20, cái ,  8.000 ,"  12,909 ","  103,272 ",,,,  8.00 ,"  12,909 ","  103,272 ",,,,,,,,,
40,Cút PPR D40 PN20, cái ,  12.000 ,"  20,909 ","  250,908 ",,,,  12.00 ,"  20,909 ","  250,908 ",,,,,,,,,
41,Cút PPR D63 PN20, cái ,  20.000 ,"  33,273 ","  665,460 ",,,,  20.00 ,"  33,273 ","  665,460 ",,,,,,,,,
42,Cút PPR D75 PN20, cái ,  8.000 ,"  58,091 ","  464,728 ",,,,  8.00 ,"  58,091 ","  464,728 ",,,,,,,,,
43,"Cút ren trong PPR PN20 D20x1/2""", cái ,  160.000 ,"  40,182 ","  6,429,120 ",,,,  160.00 ,"  40,182 ","  6,429,120 ",,,,,,,,,
44,Cút uPVC D42 PN8, cái ,  48.000 ,"  10,800 ","  518,400 ",,,,  48.00 ,"  10,800 ","  518,400 ",,,,,,,,,
45,Cút uPVC D60 PN8, cái ,  40.000 ,"  5,909 ","  236,360 ",,,,  40.00 ,"  5,909 ","  236,360 ",,,,,,,,,
46,Chậu rửa lavabo âm (Viglacera CD1 hoặc tương đương), bộ ,  32.000 ,"  960,000 ","  30,720,000 ",,,,  32.00 ,"  960,000 ","  30,720,000 ",,,,,,,,,
47,Chậu tiểu nam (Viglacera TT1 hoặc tương đương), bộ ,  16.000 ,"  550,000 ","  8,800,000 ",,,,  16.00 ,"  550,000 ","  8,800,000 ",,,,,,,,,
48,Chậu xí bệt trẻ em (Viglacera BTE hoặc tương đương), bộ ,  48.000 ,"  2,890,000 ","  138,720,000 ",,,,  48.00 ,"  2,890,000 ","  138,720,000 ",,,,,,,,,
49,Chếch uPVC D110 PN8, cái ,  188.000 ,"  59,800 ","  11,242,400 ",,,,  188.00 ,"  59,800 ","  11,242,400 ",,,,,,,,,
50,Chếch uPVC D75 PN8, cái ,  208.000 ,"  17,500 ","  3,640,000 ",,,,  208.00 ,"  17,500 ","  3,640,000 ",,,,,,,,,
51,Chếch uPVC D90 PN8, cái ,  20.000 ,"  31,800 ","  636,000 ",,,,  20.00 ,"  31,800 ","  636,000 ",,,,,,,,,
52,Chụp thông hơi lên mái D60, cái ,  1.000 ,"  85,000 ","  85,000 ",,,,  1.00 ,"  85,000 ","  85,000 ",,,,,,,,,
53,Chụp thông hơi lên mái D90, cái ,  3.000 ,"  120,000 ","  360,000 ",,,,  3.00 ,"  120,000 ","  360,000 ",,,,,,,,,
54,Gương soi KT 1300x750mm, cái ,  16.000 ,"  1,989,000 ","  31,824,000 ",,,,  16.00 ,"  1,989,000 ","  31,824,000 ",,,,,,,,,
55,Keo dán, kg ,  12.275 ,"  118,000 ","  1,448,450 ",,,,  12.28 ,"  118,000 ","  1,448,450 ",,,,,,,,,
56,Măng sông nối ống uPVC D110, cái ,  40.000 ,"  59,800 ","  2,392,000 ",,,,  40.00 ,"  59,800 ","  2,392,000 ",,,,,,,,,
57,Măng sông nối ống uPVC D60, cái ,  15.000 ,"  6,900 ","  103,500 ",,,,  15.00 ,"  6,900 ","  103,500 ",,,,,,,,,
58,Măng sông nối ống uPVC D75, cái ,  10.000 ,"  9,400 ","  94,000 ",,,,  10.00 ,"  9,400 ","  94,000 ",,,,,,,,,
59,Măng sông nối ống uPVC D90, cái ,  4.000 ,"  12,800 ","  51,200 ",,,,  4.00 ,"  12,800 ","  51,200 ",,,,,,,,,
60,Măng sông PPR D20, cái ,  60.000 ,"  2,909 ","  174,540 ",,,,  60.00 ,"  2,909 ","  174,540 ",,,,,,,,,
61,Măng sông PPR D25, cái ,  10.000 ,"  4,909 ","  49,090 ",,,,  10.00 ,"  4,909 ","  49,090 ",,,,,,,,,
62,Măng sông PPR D32, cái ,  10.000 ,"  7,636 ","  76,360 ",,,,  10.00 ,"  7,636 ","  76,360 ",,,,,,,,,
63,Măng sông PPR D40, cái ,  10.000 ,"  12,459 ","  124,590 ",,,,  10.00 ,"  12,459 ","  124,590 ",,,,,,,,,
64,Măng sông PPR D63, cái ,  6.000 ,"  43,727 ","  262,362 ",,,,  6.00 ,"  43,727 ","  262,362 ",,,28,,,,,,
65,Măng sông PPR D75, cái ,  2.000 ,"  73,273 ","  146,546 ",,,,  2.00 ,"  73,273 ","  146,546 ",,,28,,,,,,
66,Mối nối mềm D50mm, cái ,  8.000 ,"  45,000 ","  360,000 ",,,,  8.00 ,"  45,000 ","  360,000 ",,,,,,,,,
67,Nước, lít ,"  5,450.875 ",  12 ,"  65,410 ",,,,"  5,450.87 ",  12 ,"  65,410 ",,,,,,,,,
68,Nước sạch, m3 ,  6.650 ,"  12,000 ","  79,800 ",,,,  6.65 ,"  12,000 ","  79,800 ",,,,,,,,,
69,Nhựa dán, kg ,  1.668 ,"  86,000 ","  143,482 ",,,,  1.67 ,"  86,000 ","  143,482 ",,,,,,,,,
70,ống mềm, m ,  1.750 ,"  140,000 ","  245,000 ",,,,  1.75 ,"  140,000 ","  245,000 ",,,,,,,,,
71,Ống nhựa PPR D20 PN10, m ,  321.600 ,"  22,182 ","  7,133,731 ",,,,  321.60 ,"  22,182 ","  7,133,731 ",,,,,,,,,
72,Ống nhựa PPR D20 PN20, m ,  170.850 ,"  27,455 ","  4,690,687 ",,,,  170.85 ,"  27,455 ","  4,690,687 ",,,,,,,,,
73,Ống nhựa PPR D25 PN10, m ,  64.320 ,"  39,636 ","  2,549,388 ",,,,  64.32 ,"  39,636 ","  2,549,388 ",,,,,,,,,
74,Ống nhựa PPR D32 PN10, m ,  24.120 ,"  51,364 ","  1,238,900 ",,,,  24.12 ,"  51,364 ","  1,238,900 ",,,,,,,,,
75,Ống nhựa PPR D40 PN10, m ,  47.235 ,"  68,909 ","  3,254,917 ",,,,  47.24 ,"  68,909 ","  3,254,917 ",,,,,,,,,
76,Ống nhựa PPR D63 PN10, m ,  55.275 ,"  160,545 ","  8,874,125 ",,,,  55.28 ,"  160,545 ","  8,874,125 ",,,,,,,,,
77,Ống nhựa PPR D75 PN10, m ,  20.100 ,"  223,273 ","  4,487,787 ",,,,  20.10 ,"  223,273 ","  4,487,787 ",,,,,,,,,
78,Ống sắt tráng kẽm d=20, m ,  1.225 ,"  19,621 ","  24,036 ",,,,  1.23 ,"  19,621 ","  24,036 ",,,,,,,,,
79,Ống sắt tráng kẽm d=25, m ,  0.160 ,"  25,000 ","  4,000 ",,,,  0.16 ,"  25,000 ","  4,000 ",,,,,,,,,
80,Ống sắt tráng kẽm d=32, m ,  0.060 ,"  31,894 ","  1,914 ",,,,  0.06 ,"  31,894 ","  1,914 ",,,,,,,,,
81,Ống sắt tráng kẽm d=40, m ,  0.118 ,"  40,530 ","  4,762 ",,,,  0.12 ,"  40,530 ","  4,762 ",,,,,,,,,
82,Ống sắt tráng kẽm d=65, m ,  0.138 ,"  62,437 ","  8,585 ",,,,  0.14 ,"  62,437 ","  8,585 ",,,,,,,,,
83,Ống sắt tráng kẽm d=75, m ,  0.050 ,"  89,697 ","  4,485 ",,,,  0.05 ,"  89,697 ","  4,485 ",,,,,,,,,
84,Ống uPVC D110 PN8, m ,  199.980 ,"  124,800 ","  24,957,504 ",,,,  199.98 ,"  124,800 ","  24,957,504 ",,,,,,,,,
85,Ống uPVC D160 PN8, m ,  36.360 ,"  238,900 ","  8,686,404 ",,,,  36.36 ,"  238,900 ","  8,686,404 ",,,,,,,,,
86,Ống uPVC D250 PN8, m ,  8.080 ,"  602,700 ","  4,869,816 ",,,,  8.08 ,"  602,700 ","  4,869,816 ",,,,,,,,,
87,Ống uPVC D42 PN8, m ,  12.120 ,"  19,900 ","  241,188 ",,,,  12.12 ,"  19,900 ","  241,188 ",,,,,,,,,
88,Ống uPVC D60 PN8, m ,  105.040 ,"  39,000 ","  4,096,560 ",,,,  105.04 ,"  39,000 ","  4,096,560 ",,,,,,,,,
89,Ống uPVC D75 PN8, m ,  113.120 ,"  55,500 ","  6,278,160 ",,,,  113.12 ,"  55,500 ","  6,278,160 ",,,,,,,,,
90,Ống uPVC D90 PN8, m ,  36.360 ,"  79,700 ","  2,897,892 ",,,,  36.36 ,"  79,700 ","  2,897,892 ",,,,,,,,,
91,Phễu thu nước mưa DN50, cái ,  8.000 ,"  50,000 ","  400,000 ",,,,  8.00 ,"  50,000 ","  400,000 ",,,,,,,,,
92,Phễu thu sàn DN50, cái ,  32.000 ,"  50,000 ","  1,600,000 ",,,,  32.00 ,"  50,000 ","  1,600,000 ",,,,,,,,,
93,Rọ hút DN50, cái ,  1.000 ,"  15,000 ","  15,000 ",,,,  1.00 ,"  15,000 ","  15,000 ",,,,,,,,,
94,Tê thu nhựa PPR D20 PN20, cái ,  40.000 ,"  6,455 ","  258,200 ",,,,  40.00 ,"  6,455 ","  258,200 ",,,,,,,,,
95,Tê thu nhựa PPR D25 PN20, cái ,  12.000 ,"  6,455 ","  77,460 ",,,,  12.00 ,"  6,455 ","  77,460 ",,,,,,,,,
96,Tê thu nhựa PPR D25/20 PN20, cái ,  80.000 ,"  10,000 ","  800,000 ",,,,  80.00 ,"  10,000 ","  800,000 ",,,,,,,,,
97,Tê thu nhựa PPR D32 PN20, cái ,  8.000 ,"  16,455 ","  131,640 ",,,,  8.00 ,"  16,455 ","  131,640 ",,,,,,,,,
98,Tê thu nhựa PPR D32/20 PN20, cái ,  16.000 ,"  17,636 ","  282,176 ",,,,  16.00 ,"  17,636 ","  282,176 ",,,,,,,,,
99,Tê thu nhựa PPR D32/25 PN20, cái ,  8.000 ,"  17,636 ","  141,088 ",,,,  8.00 ,"  17,636 ","  141,088 ",,,,,,,,,
100,Tê thu nhựa PPR D40 PN20, cái ,  16.000 ,"  25,636 ","  410,176 ",,,,  16.00 ,"  25,636 ","  410,176 ",,,,,,,,,
101,Tê thu nhựa PPR D40/32 PN20, cái ,  8.000 ,"  38,727 ","  309,816 ",,,,  8.00 ,"  38,727 ","  309,816 ",,,,,,,,,
102,Tê thu nhựa PPR D50 PN20, cái ,  4.000 ,"  50,364 ","  201,456 ",,,,  4.00 ,"  50,364 ","  201,456 ",,,,,,,,,
103,Tê thu nhựa PPR D50/40 PN20, cái ,  4.000 ,"  68,000 ","  272,000 ",,,,  4.00 ,"  68,000 ","  272,000 ",,,,,,,,,
104,Tê thu nhựa PPR D63 PN20, cái ,  8.000 ,"  126,364 ","  1,010,912 ",,,,  8.00 ,"  126,364 ","  1,010,912 ",,,,,,,,,
105,Tê thu nhựa PPR D63/40 PN20, cái ,  2.000 ,"  119,455 ","  238,910 ",,,,  2.00 ,"  119,455 ","  238,910 ",,,,,,,,,
106,Tê thu nhựa PPR D75 PN20, cái ,  6.000 ,"  189,727 ","  1,138,362 ",,,,  6.00 ,"  189,727 ","  1,138,362 ",,,,,,,,,
107,Tê thu nhựa PPR D75/50 PN20, cái ,  2.000 ,"  175,727 ","  351,454 ",,,,  2.00 ,"  175,727 ","  351,454 ",,,,,,,,,
108,Tê thu nhựa PPR D75/63 PN20, cái ,  1.000 ,"  163,455 ","  163,455 ",,,,  1.00 ,"  163,455 ","  163,455 ",,,,,,,,,
109,Tê uPVC D110, cái ,  2.000 ,"  87,400 ","  174,800 ",,,,  2.00 ,"  87,400 ","  174,800 ",,,,,,,,,
110,Tê uPVC D110/60, cái ,  8.000 ,"  69,000 ","  552,000 ",,,,  8.00 ,"  69,000 ","  552,000 ",,,,,,,,,
111,Tê uPVC D60, cái ,  20.000 ,"  15,800 ","  316,000 ",,,,  20.00 ,"  15,800 ","  316,000 ",,,,,,,,,
112,Tê uPVC D75/60, cái ,  16.000 ,"  23,700 ","  379,200 ",,,,  16.00 ,"  23,700 ","  379,200 ",,,,,,,,,
113,Thông tắc trần uPVC D110, cái ,  8.000 ,"  27,636 ","  221,088 ",,,,  8.00 ,"  27,636 ","  221,088 ",,,,,,,,,
114,Thông tắc trần uPVC D75, cái ,  24.000 ,"  10,909 ","  261,816 ",,,,  24.00 ,"  10,909 ","  261,816 ",,,,,,,,,
115,Van 1 chiều D20mm, cái ,  0.245 ,"  190,000 ","  46,550 ",,,,  0.25 ,"  190,000 ","  46,550 ",,,,,,,,,
116,Van 1 chiều D25mm, cái ,  0.032 ,"  218,545 ","  6,993 ",,,,  0.03 ,"  218,545 ","  6,993 ",,,,,,,,,
117,Van 1 chiều D32mm, cái ,  0.012 ,"  313,545 ","  3,763 ",,,,  0.01 ,"  313,545 ","  3,763 ",,,,,,,,,
118,Van 1 chiều D40mm, cái ,  0.024 ,"  527,727 ","  12,402 ",,,,  0.02 ,"  527,727 ","  12,402 ",,,,,,,,,
119,Van 1 chiều D65mm, cái ,  0.028 ,"  472,333 ","  12,989 ",,,,  0.03 ,"  472,333 ","  12,989 ",,,,,,,,,
120,Van 1 chiều D75mm, cái ,  0.010 ,"  554,450 ","  5,545 ",,,,  0.01 ,"  554,450 ","  5,545 ",,,,,,,,,
121,Van 1 chiều DN50, cái ,  5.000 ,"  154,545 ","  772,725 ",,,,  5.00 ,"  154,545 ","  772,725 ",,,,,,,,,
122,Van góc inox Dn15 PN10, cái ,  112.000 ,"  75,600 ","  8,467,200 ",,,,  112.00 ,"  75,600 ","  8,467,200 ",,,,,,,,,
123,Van khoá DN65, cái ,  4.000 ,"  75,600 ","  302,400 ",,,,  4.00 ,"  75,600 ","  302,400 ",,,,,,,,,
124,Van khóa PPR D32 PN20, cái ,  17.000 ,"  81,818 ","  1,390,906 ",,,,  17.00 ,"  81,818 ","  1,390,906 ",,,,,,,,,
125,Van khóa PPR D40 PN20, cái ,  1.000 ,"  109,091 ","  109,091 ",,,,  1.00 ,"  109,091 ","  109,091 ",,,,,,,,,
126,Van khóa PPR D63 PN20, cái ,  13.000 ,"  309,091 ","  4,018,183 ",,,,  13.00 ,"  309,091 ","  4,018,183 ",,,,,,,,,
127,Van khóa uPVC D42 (ống xả đáy két nước), cái ,  3.000 ,"  154,545 ","  463,635 ",,,,  3.00 ,"  154,545 ","  463,635 ",,,,,,,,,
128,Van phao cơ DN40, cái ,  1.000 ,"  109,091 ","  109,091 ",,,,  1.00 ,"  109,091 ","  109,091 ",,,,,,,,,
129,Van phao cơ DN50, cái ,  3.000 ,"  154,545 ","  463,635 ",,,,  3.00 ,"  154,545 ","  463,635 ",,,,,,,,,
130,Van xả khí D40, cái ,  0.350 ,"  844,000 ","  295,400 ",,,,  0.35 ,"  844,000 ","  295,400 ",,,,,,,,,
131,Van xả tiểu nam (Viglacera VG845 hoặc tương đương), bộ ,  16.000 ,"  1,040,000 ","  16,640,000 ",,,,  16.00 ,"  1,040,000 ","  16,640,000 ",,,,,,,,,
132,Vòi lavabo (Viglacera VG102 hoặc tương đương), bộ ,  32.000 ,"  1,150,000 ","  36,800,000 ",,,,  32.00 ,"  1,150,000 ","  36,800,000 ",,,,,,,,,
133,Vòi rửa vệ sinh (Viglacera VG826 hoặc tương đương), cái ,  48.000 ,"  240,000 ","  11,520,000 ",,,,  48.00 ,"  240,000 ","  11,520,000 ",,,,,,,,,
134,"Vòi tắm hương sen 1 vòi, 1 hương sen (Viglacera VG502 hoặc tương đương)", bộ ,  16.000 ,"  1,800,000 ","  28,800,000 ",,,,  16.00 ,"  1,800,000 ","  28,800,000 ",,,,,,,,,
135,Y lọc D50, cái ,  4.000 ,"  250,000 ","  1,000,000 ",,,,  4.00 ,"  250,000 ","  1,000,000 ",,,,,,,,,
136,Y nhựa uPVC D110/110 PN8, cái ,  48.000 ,"  69,300 ","  3,326,400 ",,,,  48.00 ,"  69,300 ","  3,326,400 ",,,,,,,,,
137,Y nhựa uPVC D110/75 PN8, cái ,  8.000 ,"  61,800 ","  494,400 ",,,,  8.00 ,"  61,800 ","  494,400 ",,,,,,,,,
138,Y nhựa uPVC D110/90 PN8, cái ,  1.000 ,"  65,600 ","  65,600 ",,,,  1.00 ,"  65,600 ","  65,600 ",,,,,,,,,
139,Y nhựa uPVC D75/75 PN8, cái ,  96.000 ,"  47,000 ","  4,512,000 ",,,,  96.00 ,"  47,000 ","  4,512,000 ",,,,,,,,,
140,Y nhựa uPVC D90/75 PN8, cái ,  12.000 ,"  44,700 ","  536,400 ",,,,  12.00 ,"  44,700 ","  536,400 ",,,,,,,,,
141,Y nhựa uPVC D90/90 PN8, cái ,  3.000 ,"  45,900 ","  137,700 ",,,,  3.00 ,"  45,900 ","  137,700 ",,,,,,,,,
,,,,,,,,,,,,,,,,,,,,
,Cộng VL,,,,"  522,280,053 ",  -   ,  -   ,  -   ,,,"  522,280,053 ",,,,,,,,,
,Nhân công,,,,,,,,,,,,Nhân công+máy chuyển sang bảng tổng các HM,,,,,,,
,Máy,,,,,,,,,,,,,,,,,,,
,,,,,,,,,,,,,VL thiếu,"  3,309,526,716 ",,,,,,
,,,,,,,,,,,,,,,,,,,,
,,,,,,,bang vat tu,"4,464,590,631",,,,,,,,,,,,
,,,,,,,Giá thành,#REF!,,,,,,,,,,,,
,,,,,,,Chênh,#REF!,,,,,,,,,,,,